Account;2018-02-24;2018-02-25;2018-02-26;2018-02-27;2018-02-28;2018-03-01;2018-03-02;2018-03-03;2018-03-04;2018-03-05;2018-03-06;2018-03-07;2018-03-08;2018-03-09;2018-03-10;2018-03-11;2018-03-12;2018-03-13;2018-03-14;2018-03-15;2018-03-16;2018-03-17;2018-03-18;2018-03-19;2018-03-20;2018-03-21;2018-03-22;2018-03-23;2018-03-24;2018-03-25;2018-03-26;2018-03-27;2018-03-28;2018-03-29;2018-03-30;2018-03-31;2018-04-01;2018-04-02
bonappetit;24;22;24;19;25;25;26;20;23;21;27;25;31;24;25;23;26;25;28;26;24;25;23;23;24;26;23;30;24;24;26;22;23;25;24;25;24;29
NatGeoFood;0;0;0;0;0;0;0;0;0;0;0;0;0;0;0;0;0;0;0;0;0;0;0;0;0;0;0;0;0;0;0;0;0;0;0;0;0;0
TwitterFood;0;0;0;1;0;0;0;0;0;0;0;0;0;0;1;0;1;2;1;0;0;0;1;0;1;0;0;0;0;0;0;0;3;0;0;0;0;0
Fooddotcom;0;0;0;0;0;0;0;0;0;0;0;0;0;0;0;0;0;0;0;0;0;0;0;0;0;0;0;0;0;0;0;0;0;0;0;0;0;0
newfoodeconomy;5;5;11;12;14;8;11;5;6;13;10;13;10;13;5;7;10;10;11;12;8;6;5;9;13;12;10;9;7;5;11;12;15;11;7;6;5;8
bflay;0;0;1;0;0;0;1;3;1;0;1;0;3;0;0;2;0;0;0;1;0;0;3;1;0;0;2;0;0;0;2;1;2;1;1;0;0;1
RealCarrotFacts;0;0;0;0;0;0;0;0;0;0;0;0;0;0;0;0;0;0;0;0;0;0;0;0;0;0;0;0;0;0;0;0;0;0;0;0;0;0
NYTFood;3;2;4;4;7;7;8;6;7;3;4;3;3;5;5;2;4;4;3;5;8;8;6;6;5;7;6;5;6;6;9;6;3;10;6;5;4;4
CivilEats;8;8;15;17;15;15;15;8;8;15;16;14;15;15;8;8;17;15;15;17;17;8;8;15;17;15;15;18;8;8;16;16;15;16;18;8;8;14
Seriouseats;6;6;7;7;7;8;9;6;5;7;7;7;8;5;6;0;7;8;8;7;9;7;6;8;10;8;6;8;7;6;9;7;8;7;6;5;6;5
RealCapnCrunch;0;0;0;0;0;0;0;0;0;0;0;0;0;0;0;0;0;0;0;0;0;0;0;0;0;0;0;0;0;0;0;0;0;0;0;0;0;0
iowagirleats;1;1;1;1;2;1;1;2;1;1;1;1;1;1;2;1;1;0;2;2;1;2;1;1;2;2;1;1;2;1;1;1;2;1;1;2;1;1
spoonuniversity;0;0;0;0;0;0;0;0;0;0;0;0;1;0;0;0;0;0;0;0;0;0;0;0;0;0;0;0;0;0;0;0;0;0;0;0;0;0
foodandwine;60;72;89;93;92;90;92;68;63;92;95;90;67;70;38;32;61;93;94;92;94;72;69;81;93;90;87;91;69;72;84;94;87;88;95;75;66;100
epicurious;15;16;16;16;17;16;17;15;16;15;16;16;17;16;17;16;16;15;14;16;15;16;16;15;16;16;15;16;15;16;15;16;16;17;16;16;16;12
Newsweek;84;73;99;100;110;123;134;93;96;109;104;115;119;108;71;75;119;129;120;129;104;92;74;124;140;140;135;114;90;75;122;130;135;136;140;87;86;111
nytimes;101;108;110;114;112;112;101;100;154;117;105;117;116;99;96;103;112;117;124;106;107;105;103;111;125;116;109;105;107;107;107;111;100;115;128;99;114;125
NBCNews;68;59;110;137;129;133;126;56;91;138;171;157;151;120;58;73;143;169;162;136;132;61;65;141;157;142;135;129;100;69;124;129;136;135;103;49;69;100
CNN;84;115;178;173;167;131;115;70;138;166;199;195;174;192;83;110;190;191;171;157;164;83;98;193;181;180;167;159;106;89;195;219;163;171;150;67;88;179
washingtonpost;82;80;134;172;154;168;145;75;102;160;186;162;133;153;55;75;142;196;165;141;136;83;73;158;168;164;173;156;112;76;124;155;166;151;115;68;63;133
BBCWorld;34;34;59;66;71;58;41;34;62;57;73;48;68;41;32;31;66;80;65;71;53;32;26;51;62;50;62;36;31;40;65;72;57;64;43;37;38;37
WSJ;72;107;119;145;144;137;129;71;93;132;140;139;133;130;67;87;127;126;125;136;117;69;96;129;139;126;150;114;65;85;126;114;123;125;110;79;84;107
FoxNews;231;272;199;205;244;268;225;212;262;189;202;264;293;208;230;285;206;235;281;285;181;222;270;180;194;245;252;214;238;249;183;205;230;278;215;215;237;198
ABC;87;64;121;113;112;144;142;70;189;146;145;132;140;130;57;80;129;177;154;138;117;64;78;128;142;122;133;128;105;68;108;120;127;121;114;70;72;114
Reuters;239;262;352;367;368;410;376;274;291;349;361;386;361;334;227;218;314;380;368;308;329;240;232;330;348;369;371;327;230;246;346;288;274;288;203;202;200;219
el_pais;162;165;227;223;219;205;186;164;256;189;204;178;287;170;155;174;216;223;207;204;229;181;184;211;208;226;246;261;218;221;198;194;234;230;179;155;150;186
abc_es;147;143;181;160;187;210;160;133;138;161;187;178;151;177;135;119;170;178;182;183;175;119;113;184;202;205;184;180;121;111;155;181;187;141;132;131;128;174
antena3com;77;86;134;122;137;122;110;76;66;115;110;94;102;95;75;88;98;117;118;99;99;58;67;95;112;112;104;97;98;72;102;101;76;71;87;72;69;99
noticias_cuatro;84;86;84;86;82;89;89;90;91;88;77;81;64;80;84;70;77;78;74;91;87;91;81;80;78;80;97;96;98;82;88;86;78;59;60;80;85;74
24h_tve;123;132;69;75;82;84;101;138;162;125;112;123;83;115;112;160;123;115;127;119;106;142;123;124;118;98;98;125;141;157;97;94;63;31;38;28;22;99
ecosdelbalon;4;5;11;13;13;16;4;4;8;10;22;6;12;4;7;1;8;5;5;4;9;1;4;9;4;3;2;2;1;1;5;5;1;0;1;3;2;6
NYT4thDownBot;0;0;0;0;0;0;0;0;0;0;0;0;0;0;0;0;0;0;0;0;0;0;0;0;0;0;0;0;0;0;0;0;0;0;0;0;0;0
baseballpro;3;7;25;30;24;26;27;1;8;21;20;23;28;26;13;7;20;27;23;24;29;9;5;23;21;22;23;24;9;6;16;20;20;31;20;4;2;20
FutbolAvanzado;2;2;10;8;5;3;1;2;2;5;2;6;4;2;2;4;9;9;7;9;5;5;6;5;4;6;9;2;0;1;4;4;6;6;3;2;3;6
NBA;138;125;111;124;127;122;147;119;88;90;140;117;131;153;101;120;94;130;134;117;111;100;73;142;126;138;88;134;91;103;83;109;117;88;96;162;147;44
LaLiga;58;69;24;44;55;41;26;51;56;23;23;14;24;27;54;44;23;23;29;23;30;47;78;19;15;15;16;17;17;18;17;13;17;16;23;67;61;25
AnalyseSport;0;0;0;0;0;0;0;0;0;0;0;0;0;0;0;0;0;0;0;0;0;0;0;0;0;0;0;0;0;0;0;0;0;0;0;0;0;0
Olympics;54;47;1;0;1;0;1;1;0;1;1;0;7;3;0;0;2;2;2;3;4;1;1;1;3;2;2;4;0;0;1;4;2;2;1;0;1;1
wizard_cfc;37;11;14;14;22;18;21;41;47;21;26;27;12;17;42;43;9;12;16;13;25;50;23;9;32;9;6;33;51;43;3;17;29;36;34;38;28;23
ThatGuyTipsterr;22;41;18;31;36;20;19;83;40;39;33;28;34;28;6;31;10;23;39;2;50;31;34;17;29;17;22;31;53;34;23;29;27;31;45;43;61;29
moneyballfutbol;4;5;2;5;4;3;2;2;7;3;0;2;3;0;1;5;2;4;4;4;0;4;2;0;0;0;0;0;0;0;0;0;0;1;1;2;1;2
Multi_Apuesta;4;5;8;7;8;2;4;4;2;8;8;6;6;8;1;6;3;7;3;6;10;21;5;7;3;8;15;1;6;11;2;3;0;1;1;1;1;3
AP_Sports;68;85;21;24;48;52;62;92;89;69;74;80;77;64;82;68;70;71;75;82;70;72;64;52;56;89;91;82;24;37;64;45;52;77;26;37;33;61
sportbible;45;48;28;32;38;39;28;44;26;41;39;50;38;30;42;31;38;Null;Null;Null;Null;Null;Null;Null;Null;Null;Null;Null;Null;Null;0;23;30;28;22;73;39;30
SportsCenter;30;17;20;23;24;25;21;28;23;18;28;30;22;29;25;22;17;24;21;47;24;25;20;15;17;28;26;23;23;15;20;16;22;33;21;24;20;24
livefolk;0;0;0;0;0;0;0;0;0;0;0;0;0;0;0;0;0;0;0;0;0;0;0;0;0;0;0;0;0;0;0;0;0;0;0;0;0;0
travel;0;1;1;1;1;1;1;1;0;1;1;1;1;1;0;0;1;2;1;1;1;1;1;0;2;1;1;1;0;0;1;1;0;1;1;0;1;1
NatGeoTravel;8;8;8;10;10;12;9;8;8;10;9;7;10;7;9;7;8;10;10;8;9;11;9;10;9;13;10;9;9;7;12;12;8;8;10;8;8;10
TravelLeisure;53;53;54;53;53;53;53;53;53;53;56;53;56;54;51;53;52;55;54;53;58;53;53;57;53;56;53;51;53;53;53;46;53;52;51;47;49;56
Earth_Pics;5;4;3;5;4;6;6;4;6;7;6;5;6;5;7;7;4;6;5;Null;Null;Null;Null;Null;Null;Null;Null;Null;Null;Null;Null;Null;Null;Null;Null;Null;Null;Null
EarthPix;0;0;0;0;0;3;2;2;2;7;6;3;3;3;0;2;0;0;0;0;0;0;0;0;0;0;0;0;0;0;0;0;0;0;0;0;0;0
frugaltraveler;3;3;4;1;1;2;2;1;1;1;0;1;0;2;3;3;1;1;3;1;0;2;3;2;1;2;0;1;1;1;2;0;5;6;1;4;2;0
nytimestravel;18;16;19;19;20;18;17;21;17;19;23;19;16;23;18;17;20;19;17;24;20;18;19;17;17;21;21;17;16;24;20;17;17;20;18;16;21;23
BBC_Travel;4;4;3;4;3;3;3;3;3;4;4;4;4;16;5;4;5;5;5;5;5;5;5;5;5;5;5;16;5;6;6;6;5;7;10;7;6;6
TelegraphTravel;8;2;3;7;6;5;7;1;2;4;7;4;8;6;2;1;5;7;9;3;3;2;2;4;1;1;2;6;1;4;2;2;3;3;0;1;1;0
TravelMagazine;2;1;1;2;4;1;3;1;1;2;3;3;1;0;0;0;4;3;1;1;2;3;2;5;5;4;2;1;1;1;2;2;3;2;2;1;2;0
CNTraveler;18;16;19;18;17;19;18;17;17;12;0;36;33;19;17;17;19;19;21;18;19;17;17;20;18;18;19;18;17;17;20;20;18;19;19;17;17;19
ThatsEarth;0;0;0;0;1;3;0;0;4;1;0;4;0;0;4;4;4;3;0;0;0;0;0;0;0;0;0;1;0;4;4;4;3;0;0;0;0;1
chicagoideas;0;1;1;2;2;2;2;0;0;1;2;1;2;1;1;0;2;3;2;1;1;0;0;2;1;2;3;1;2;1;5;4;4;2;1;0;0;1
ViajaEnElMundo;4;4;3;4;4;4;4;4;4;5;4;1;0;1;0;1;0;1;1;1;1;0;0;0;0;0;1;0;1;0;0;0;0;5;1;0;0;0
TheBlondeSalad;0;0;0;0;0;0;0;0;0;0;0;0;0;0;0;0;0;0;0;0;0;0;0;0;0;0;0;0;0;0;0;0;0;0;0;0;0;0
kenzo;1;1;1;1;4;1;3;1;0;6;6;5;1;2;2;2;3;2;2;4;1;1;0;3;4;1;1;0;2;1;1;0;0;1;1;2;2;1
voguemagazine;88;98;91;81;85;91;83;86;110;91;97;84;91;90;89;98;73;86;91;92;97;86;85;92;85;88;90;86;84;90;89;88;90;92;97;89;89;91
BritishVogue;89;84;106;108;111;123;99;55;140;194;109;120;78;62;51;53;74;58;59;51;65;50;42;51;62;61;53;57;47;53;59;56;55;55;54;46;39;46
ELLEmagazine;60;80;77;91;87;83;80;59;76;87;89;88;85;89;66;46;84;103;102;88;84;18;64;66;86;91;80;65;40;86;89;91;85;80;92;45;23;82
Cosmopolitan;52;70;114;133;113;119;124;40;117;143;126;126;132;89;35;26;93;136;75;81;74;27;30;57;59;60;63;84;45;28;64;61;73;76;63;30;35;60
Fashionista_com;14;17;38;48;47;49;43;18;48;45;55;45;40;32;14;12;42;43;44;49;41;14;12;32;43;44;45;42;14;12;34;38;33;34;39;14;12;34
WhoWhatWear;27;22;43;43;44;45;39;20;50;43;38;37;30;35;15;21;36;40;48;37;28;15;18;33;29;46;40;42;11;12;18;27;37;49;29;44;36;38
TheCut;64;58;83;86;86;101;106;81;116;121;91;102;97;85;70;58;89;97;90;100;91;58;59;92;99;99;95;103;80;63;97;123;133;124;110;63;59;105
TimesFashion;5;0;2;0;5;1;0;1;0;5;1;4;1;0;6;0;0;1;3;0;3;4;0;0;1;5;0;0;3;0;0;0;3;0;0;2;0;0
ELLEUK;20;11;23;34;34;38;33;15;39;21;38;30;39;25;1;0;44;26;33;29;28;1;1;42;29;30;28;42;0;1;30;53;69;40;20;3;11;12
LondonFashionWk;0;0;1;0;1;0;1;0;0;1;0;1;2;0;0;0;0;0;0;0;1;0;0;0;0;0;0;1;0;0;0;0;0;0;0;0;0;0
VictoriasSecret;3;4;3;4;4;3;3;3;4;3;4;3;2;5;3;3;2;4;4;4;3;2;2;2;4;2;3;2;3;4;2;5;3;3;3;3;2;3
styleinmadrid;0;0;1;0;0;0;0;0;0;0;1;0;0;0;0;1;0;1;1;0;0;0;1;1;0;0;1;0;0;0;1;0;0;0;0;0;1;0
RevistaInStyle;18;16;22;17;17;19;14;22;26;20;18;15;16;15;16;12;14;19;16;15;9;14;22;20;19;14;13;13;16;13;17;15;14;13;14;14;12;15
Sephora;1;2;2;2;3;4;2;0;1;4;6;3;3;2;0;3;7;4;3;4;4;1;1;3;3;2;5;4;1;2;5;4;4;2;1;1;0;3
CiudadanosCs;55;54;47;40;42;48;27;29;30;40;52;45;56;29;31;47;35;51;62;74;39;34;25;29;67;52;54;31;38;37;54;48;40;15;17;22;9;45
Bcnisnotcat_;4;2;1;2;3;2;5;4;7;5;2;2;2;1;5;3;2;1;3;2;3;1;2;2;4;4;3;7;6;7;3;5;6;5;3;6;3;3
AMI__cat;0;1;0;0;1;0;0;0;0;1;0;8;0;1;0;11;0;1;0;41;22;3;0;1;0;0;4;60;4;20;6;3;20;1;1;0;8;0
TheDemocrats;3;5;8;10;16;9;8;6;5;7;7;17;6;7;3;5;8;7;10;4;7;3;4;8;7;8;8;8;20;5;12;6;8;10;8;6;1;9
epp;3;0;3;19;19;17;5;2;0;4;5;7;27;32;5;1;3;24;16;14;9;4;0;8;8;11;52;5;2;2;1;11;0;0;2;1;1;0
ahorapodemos;23;15;25;22;34;33;34;26;27;41;48;35;98;28;38;29;32;42;55;22;24;37;24;31;29;47;53;31;21;20;28;19;26;12;10;9;9;18
CNNPolitics;53;57;96;92;86;97;93;53;60;88;92;97;92;78;61;55;81;96;90;88;73;50;55;82;98;103;97;78;62;51;89;83;84;88;72;47;50;95
bpolitics;62;79;121;124;137;146;168;68;104;132;161;179;151;105;65;90;128;163;157;130;108;71;80;151;148;153;145;107;58;79;115;109;122;110;66;58;71;102
ABCPolitics;3;7;28;34;28;79;61;20;31;65;91;77;81;67;10;13;67;131;44;48;56;7;16;67;76;66;77;73;43;8;54;48;56;54;46;0;3;50
MSNBC;42;35;54;60;68;69;65;38;34;65;80;69;80;87;37;40;58;101;92;81;76;33;25;58;98;84;98;83;106;47;50;67;79;77;77;32;37;49
latimes;65;56;82;85;71;63;54;34;87;88;74;72;71;78;37;23;87;96;79;77;66;27;42;60;75;64;85;79;59;47;62;67;68;75;74;43;43;73
thehill;270;271;359;371;368;363;354;282;290;356;351;366;363;365;273;291;351;426;367;364;351;293;290;368;364;381;363;360;284;288;347;353;360;359;364;269;271;343
vox_es;46;31;14;16;15;57;14;16;18;19;37;33;53;17;158;33;31;45;27;37;32;29;29;50;28;53;21;74;27;46;10;22;24;23;8;8;16;26
cope_es;42;39;99;113;111;107;91;35;91;86;90;100;97;73;45;57;87;101;100;97;87;38;36;98;122;109;108;102;81;49;89;104;98;57;67;58;54;98
OndaCero_es;82;76;93;82;79;95;89;74;69;78;112;88;61;72;75;61;78;89;77;107;83;56;87;84;81;98;90;76;62;63;59;58;64;56;56;65;53;69
UberFacts;73;51;73;78;59;77;62;81;71;62;73;69;69;82;63;47;75;77;67;48;69;93;75;49;49;42;75;47;45;54;83;72;67;68;65;56;53;50
BuzzFeed;38;50;65;65;62;81;90;42;91;97;85;99;88;82;47;51;92;85;80;88;91;43;43;100;93;83;90;83;67;43;95;94;90;88;95;45;50;70
SavedYouAClick;1;1;1;0;1;0;0;0;4;0;0;0;0;0;0;0;0;0;0;2;0;1;0;0;0;1;0;0;0;1;0;6;1;0;0;0;2;0
MoviePass;1;1;0;1;2;0;0;0;2;2;1;0;3;2;4;0;4;1;1;1;0;0;0;2;1;1;1;2;0;0;1;3;2;1;0;0;1;1
kalesalad;6;14;5;8;13;9;9;7;10;11;14;11;11;4;14;18;6;9;13;10;10;10;11;11;16;13;17;10;8;17;7;11;9;13;13;0;9;12
cuantocabron;15;16;17;18;19;19;19;19;16;15;14;15;15;18;18;15;14;19;19;19;23;20;20;14;15;10;13;12;13;15;14;15;15;12;12;15;20;12
ladbible;14;16;19;20;28;32;26;20;25;25;26;25;23;25;18;15;24;30;26;22;25;24;16;24;25;24;30;25;14;14;24;23;25;22;17;20;14;16
mental_floss;50;47;41;50;55;50;47;40;64;45;47;49;49;45;48;49;48;49;48;44;47;49;51;49;51;50;48;44;45;43;48;50;48;52;45;47;48;48
elmundotoday;11;7;17;24;17;20;12;12;9;15;16;15;27;10;8;10;18;30;17;17;15;8;11;20;18;22;18;17;12;10;14;23;22;19;10;11;10;13
Cabronazi;24;0;14;16;8;9;28;13;0;15;13;17;12;26;13;3;26;14;7;13;10;18;4;27;8;14;28;10;27;7;18;17;19;18;14;8;1;9
lavecinarubia;9;6;13;9;17;12;12;13;14;6;5;4;4;10;18;18;24;13;12;6;9;8;7;9;9;8;13;9;4;15;4;7;22;12;6;6;15;9
pourmecoffee;10;8;10;16;18;13;7;10;9;12;15;10;6;6;4;6;11;18;6;9;12;4;10;8;9;9;6;11;2;8;5;5;3;2;1;0;0;0
NFL_Memes;3;3;2;2;0;3;2;1;2;3;2;3;2;5;3;3;6;13;2;1;1;1;1;1;2;2;3;1;0;1;0;5;3;1;2;1;4;3
9GAG;10;9;11;10;8;9;10;9;13;9;11;10;9;11;9;10;10;9;11;11;11;11;10;12;9;12;8;11;10;10;11;10;10;10;10;10;10;10
funnyordie;5;3;10;13;8;10;9;6;39;9;12;12;13;12;3;6;10;10;8;8;7;6;5;11;11;8;6;8;4;6;8;6;12;11;6;4;8;10
netflix;0;0;5;6;6;7;7;0;18;11;9;4;12;10;1;0;1;9;3;4;7;0;3;4;5;2;13;17;4;5;6;8;8;5;5;3;3;5
hbo;5;2;3;4;3;3;0;4;7;1;2;3;12;8;1;0;4;2;4;4;3;1;5;3;1;5;4;6;6;2;8;2;7;4;6;2;1;5
FOXTV;3;7;9;5;13;7;7;3;5;5;14;9;25;6;2;37;6;6;12;8;3;3;3;5;9;5;5;6;3;3;4;4;11;6;5;3;6;4
SonyPicsTeens;0;0;0;0;0;0;0;0;0;0;0;0;0;0;0;0;0;0;0;0;0;0;0;0;0;0;0;0;0;0;0;0;0;0;0;0;0;0
Miramax;0;0;0;0;0;0;0;0;0;0;0;0;0;0;0;0;0;0;0;0;0;0;0;0;0;0;0;0;0;0;0;0;0;0;0;0;0;0
NBC;5;3;5;3;1;6;0;0;1;3;3;0;5;6;1;2;3;5;4;3;2;2;1;1;3;3;2;3;0;0;1;2;5;5;6;3;89;5
La1_tve;17;15;47;45;52;74;39;19;16;53;45;50;59;39;16;16;47;31;62;75;30;16;15;52;36;55;78;30;17;14;44;38;50;16;18;17;20;58
laSextaTV;90;119;119;114;116;114;109;92;127;104;104;101;89;101;111;122;116;119;120;116;106;106;103;111;100;96;120;103;120;123;100;103;100;88;94;92;94;108
9gagtv;0;0;0;0;0;0;0;0;0;0;0;0;0;0;0;0;0;0;0;0;0;0;0;0;0;0;0;0;0;0;0;0;0;0;0;0;0;0
PrimeVideo;1;1;3;1;4;3;3;2;4;4;3;2;3;3;2;2;3;4;4;3;1;1;1;2;1;3;7;4;2;2;1;2;2;4;4;1;0;2
hulu;3;2;2;4;6;5;2;2;0;2;2;2;6;1;2;6;5;3;2;7;4;4;2;2;2;4;1;7;5;3;1;1;4;0;4;3;2;5
CBS;0;3;9;1;3;8;3;1;1;1;1;2;2;5;0;1;1;2;1;4;3;3;3;1;4;2;2;3;8;2;4;2;0;2;1;2;1;1
shows_tv;18;20;60;55;60;61;53;12;34;51;72;65;77;74;13;18;58;64;60;57;45;16;20;52;61;55;37;21;4;5;37;34;44;58;43;13;17;43
MarvelStudios;6;9;6;7;6;6;2;2;1;0;0;1;23;1;1;0;1;0;1;1;2;2;0;0;8;1;1;0;0;0;2;3;2;0;1;1;1;1
TwitterMovies;3;0;8;3;3;3;2;5;28;4;1;2;8;6;1;7;10;9;2;3;6;0;0;1;3;2;0;0;0;0;3;1;3;1;0;0;0;1
policia;11;10;10;14;11;14;14;10;10;14;13;13;13;14;11;12;12;12;13;16;10;12;11;12;12;12;13;12;9;10;13;10;14;11;7;10;9;11
CIA;2;1;0;2;1;1;0;0;0;0;1;2;3;0;2;9;2;1;1;1;0;0;0;1;1;1;0;1;1;1;3;2;2;2;3;3;3;0
WhiteHouse;6;4;8;8;11;15;7;5;3;8;6;7;19;12;8;4;10;15;15;8;6;5;2;12;13;8;23;16;5;4;9;13;20;19;8;4;2;10
casareal;0;2;1;2;2;0;5;0;0;2;5;6;4;2;2;10;4;7;0;5;1;0;1;3;4;0;3;2;0;0;0;0;0;0;0;1;0;0
nswpolice;5;9;15;11;8;12;14;35;6;23;19;10;18;6;3;5;13;11;7;6;6;15;20;19;28;23;23;6;8;11;13;17;22;8;10;11;5;15
guardiacivil;22;32;29;38;33;32;31;24;30;30;29;32;28;28;23;25;25;27;33;26;27;25;21;27;27;32;21;20;26;21;18;17;20;24;22;27;24;36
DGTes;13;12;20;29;30;20;19;12;11;17;10;14;15;19;8;10;18;10;18;13;25;9;12;24;26;18;17;18;12;7;13;19;17;13;12;13;18;16
esa;6;4;10;9;5;7;8;4;3;7;5;9;9;8;4;4;6;8;12;6;6;4;1;8;6;11;10;10;8;4;7;5;4;12;6;3;9;12
NASA;8;8;7;26;11;18;6;6;8;7;8;9;16;6;9;7;9;3;14;8;9;11;9;10;7;16;6;16;10;8;8;10;11;19;9;8;9;18
CERN;0;0;2;1;3;2;0;0;0;2;1;2;5;2;0;0;2;1;3;2;2;0;0;0;3;2;4;2;0;0;2;4;5;3;1;0;2;0
EU_Commission;11;20;13;11;10;16;8;9;6;7;8;12;17;6;14;11;11;15;15;8;7;9;10;8;13;19;22;7;16;10;6;4;10;5;4;5;3;6
UN;17;14;22;16;17;18;15;24;16;18;16;19;34;14;16;17;20;21;19;15;16;15;15;21;20;27;22;26;19;16;20;12;18;17;16;15;19;17
EUCouncil;1;2;2;5;0;0;0;1;2;4;4;2;5;2;1;2;6;2;2;4;1;1;1;5;4;1;11;5;1;2;2;1;0;0;0;0;0;0
ONU_es;8;7;11;9;11;13;9;8;8;9;10;11;13;10;6;8;8;8;9;12;9;6;6;9;10;11;11;9;9;8;9;9;9;9;6;7;8;8
UNICEF;12;9;12;14;12;10;11;9;9;13;11;17;27;14;9;8;13;15;21;12;13;8;9;11;15;17;17;9;22;13;13;14;14;8;8;10;7;11
sockington;0;0;2;0;0;0;0;0;1;0;1;0;0;0;0;1;0;1;0;0;0;1;0;0;0;0;0;0;1;0;0;2;0;0;0;0;1;0
Fascinatingpics;2;2;2;2;2;2;2;2;2;2;2;2;2;1;2;2;2;2;2;2;2;2;2;2;3;2;2;2;2;2;2;2;2;2;2;2;2;2
shedancestibet;3;3;5;3;3;6;4;3;3;2;3;3;3;7;3;3;1;2;2;3;1;2;3;3;4;4;4;4;6;3;3;4;3;3;4;3;4;4
A_single_bear;1;1;1;2;2;2;2;2;0;2;1;2;1;2;1;1;2;2;3;2;2;2;1;3;2;2;3;1;1;1;2;1;3;3;2;1;2;2
BronxZoosCobra;0;0;0;0;0;0;0;0;1;0;1;0;0;1;0;0;0;0;0;0;0;1;0;0;0;0;0;0;0;0;0;1;0;0;0;0;1;0
MoveTheWorld;0;0;0;1;0;1;1;1;0;1;0;1;1;0;0;0;0;1;0;1;0;0;0;0;1;1;1;0;0;0;1;0;0;0;0;0;0;0
peta;13;10;25;17;26;31;28;16;25;27;27;16;48;19;11;15;22;21;27;17;25;15;10;29;23;26;26;26;19;9;30;22;29;39;31;16;12;41
dodo;9;12;12;14;12;14;12;12;12;13;14;14;12;13;13;13;14;13;14;13;13;12;12;14;16;14;13;15;12;14;13;15;14;12;13;12;13;12
BuzzFeedAnimals;3;3;1;2;2;4;3;3;3;2;3;4;3;3;2;0;2;4;4;3;3;3;3;3;3;0;3;3;0;4;4;5;4;4;4;4;0;0
NationalZoo;0;1;1;1;1;2;3;1;0;2;2;2;4;1;0;1;2;3;2;0;1;1;1;1;1;3;5;2;2;1;1;2;2;1;1;1;0;1
fabulousanimals;0;0;1;0;0;1;0;1;0;1;0;1;0;1;0;0;1;0;0;Null;Null;Null;Null;Null;Null;Null;Null;Null;Null;Null;Null;Null;Null;Null;Null;Null;Null;Null
darth;87;44;95;78;116;116;68;97;36;100;114;113;111;81;90;48;83;185;104;103;136;69;57;76;79;105;65;136;23;57;69;78;91;85;88;32;1;91
EmrgencyKittens;1;0;1;5;5;5;6;5;5;5;5;6;6;5;7;7;6;6;6;5;5;4;3;4;4;5;5;5;5;3;5;4;5;4;4;4;4;4
AnimalPlanet;3;2;3;7;4;6;6;6;1;2;1;4;6;5;5;1;2;3;5;5;5;15;2;4;5;5;6;8;12;3;1;3;2;3;7;8;1;2
natgeowild;6;4;5;6;5;5;10;21;40;6;4;5;8;5;16;4;11;3;6;9;7;14;27;4;4;7;1;8;8;26;6;4;5;6;8;18;17;4
TEDTalks;12;0;10;13;17;18;18;11;25;17;14;20;17;15;15;15;16;16;19;14;18;15;14;19;17;17;16;18;15;15;14;18;18;19;14;11;6;10
materia_ciencia;3;2;8;4;11;5;8;10;6;8;5;3;4;8;2;3;5;8;23;6;6;4;2;5;7;6;10;5;3;1;7;8;10;11;5;6;5;7
cienciaplus;10;9;20;18;20;16;23;6;13;23;17;18;13;19;10;7;18;25;32;24;18;15;14;21;21;18;17;16;8;9;9;7;6;9;8;4;4;22
WIREDScience;3;5;5;4;9;19;19;8;6;4;8;6;8;8;4;1;5;4;19;6;5;3;4;3;7;8;8;9;8;2;8;14;6;8;6;6;7;8
ScienceMarchDC;0;2;7;106;4;1;3;2;3;4;4;3;34;4;1;2;5;10;15;4;2;2;2;3;15;10;6;5;3;2;3;7;4;22;12;1;0;8
sciencemagazine;2;2;3;5;4;8;4;2;2;4;3;7;11;3;2;2;5;4;5;2;2;2;2;3;5;7;5;3;2;2;3;4;6;5;3;2;2;6
sciencemuseum;2;2;3;4;18;4;5;3;3;4;4;7;6;8;8;3;5;5;4;4;3;3;3;3;3;4;4;4;4;3;6;3;9;6;5;4;4;3
aaas;2;0;8;9;8;8;4;4;4;7;10;8;9;9;4;4;9;9;5;5;6;4;4;4;4;5;8;9;4;3;5;5;6;7;4;4;4;5
NSF;4;0;4;5;5;5;0;2;1;5;3;5;7;7;1;0;7;6;6;5;4;3;1;6;4;2;6;4;0;2;8;3;7;5;5;1;0;7
PopSci;45;48;55;56;54;55;55;48;48;53;56;56;55;54;48;48;55;55;54;55;58;48;48;54;57;54;53;55;48;48;59;49;58;61;56;50;52;60
scienceworldca;1;3;3;2;13;6;2;3;2;6;4;5;9;7;4;2;5;5;5;7;2;2;3;7;7;5;9;6;5;3;8;2;4;4;2;0;3;3
rdfrs;17;22;38;30;28;24;18;8;15;10;19;11;18;6;12;12;19;16;27;27;32;14;19;31;36;37;40;25;24;22;29;29;39;23;25;23;29;33
MarsCuriosity;0;0;0;0;1;0;0;0;0;0;0;0;0;0;0;0;0;0;0;1;0;0;0;0;0;0;1;0;0;0;0;0;1;0;1;0;0;0
cienciatmx;4;1;6;2;5;3;3;11;7;5;2;7;5;5;3;2;6;3;7;7;6;2;1;2;0;7;2;10;1;3;4;1;3;3;5;0;2;5
CdeCiencia;1;1;2;4;2;2;1;1;2;5;6;3;1;1;3;7;3;0;3;3;0;5;0;4;2;0;1;4;2;1;6;0;1;0;3;3;1;2
StockTwits;4;4;11;18;10;12;13;6;4;11;12;14;10;12;4;5;11;10;12;10;8;6;2;16;16;13;14;16;2;4;10;14;17;13;4;2;3;13
business;144;123;347;405;359;405;330;134;179;349;391;420;406;316;140;172;345;405;390;383;295;145;186;400;379;410;377;317;120;135;336;374;345;353;128;93;118;361
1Brokercom;0;0;0;0;1;0;1;0;0;0;1;2;0;0;0;0;0;2;1;0;0;0;0;1;0;0;0;0;0;0;0;1;0;0;0;0;1;0
LSFinancial;0;0;1;3;2;0;2;0;0;3;1;2;2;1;0;0;2;3;1;1;1;0;0;1;2;1;0;1;0;0;0;3;0;3;0;0;0;3
TV_TradingIdeas;1993;2407;2513;2540;2511;2432;2215;2069;2302;2503;2480;2427;2479;2242;2091;2294;2526;2442;2580;2405;2190;1970;2176;2487;2442;2399;2515;2102;1981;2264;2414;2424;2475;2296;2076;1673;2010;2441
mytradingbuddy;213;214;203;217;210;190;202;200;194;202;227;221;220;215;200;210;198;216;204;210;218;195;203;199;214;223;215;211;204;168;163;173;176;163;156;154;168;166
HarvardBiz;9;11;36;46;41;49;41;11;8;45;45;45;56;39;13;10;45;42;40;42;42;12;11;33;37;35;40;42;18;11;40;40;36;36;34;12;11;17
BabyPips;47;45;47;39;33;34;36;59;47;51;44;46;38;39;48;76;43;39;41;39;37;48;36;31;43;35;42;35;46;44;44;33;41;26;32;48;48;36
FTTradingRoom;0;0;0;0;0;2;3;0;0;1;2;2;1;0;0;0;0;0;5;3;6;0;0;0;0;1;2;0;0;0;1;0;1;1;0;0;2;2
TradingNation;0;0;6;5;7;5;2;1;0;4;5;8;7;5;1;0;3;3;4;8;5;1;0;5;9;4;4;3;0;0;8;6;2;2;0;0;0;3
BigCheds;54;54;35;44;19;24;21;58;65;14;25;49;40;15;25;25;27;31;35;33;38;43;44;35;55;15;36;24;38;29;37;32;30;46;46;39;28;52
DanielsTrading;0;0;2;6;4;5;5;0;0;4;5;3;3;6;0;0;3;4;5;4;4;0;0;5;3;3;6;3;0;0;6;5;5;6;2;0;0;5
canuck2usa;3;3;42;39;46;0;22;5;10;61;62;63;51;47;1;5;54;35;38;34;31;9;2;69;53;37;75;62;18;4;76;47;64;38;2;1;2;50
BourseetTrading;60;64;181;147;161;154;137;43;70;152;159;156;135;125;59;42;195;158;156;154;112;44;81;149;71;51;82;167;134;75;197;162;160;158;159;67;95;66
tradingview;6;12;20;21;20;19;10;6;17;15;28;22;26;27;20;19;18;24;22;28;27;3;15;17;24;30;18;25;2;17;30;37;27;17;4;10;12;23
